-- phpMyAdmin SQL Dump
-- version 5.1.0
-- https://www.phpmyadmin.net/
--
-- Gép: 127.0.0.1
-- Létrehozás ideje: 2021. Ápr 09. 21:20
-- Kiszolgáló verziója: 10.4.18-MariaDB
-- PHP verzió: 8.0.3

SET SQL_MODE = "NO_AUTO_VALUE_ON_ZERO";
START TRANSACTION;
SET time_zone = "+00:00";


/*!40101 SET @OLD_CHARACTER_SET_CLIENT=@@CHARACTER_SET_CLIENT */;
/*!40101 SET @OLD_CHARACTER_SET_RESULTS=@@CHARACTER_SET_RESULTS */;
/*!40101 SET @OLD_COLLATION_CONNECTION=@@COLLATION_CONNECTION */;
/*!40101 SET NAMES utf8mb4 */;

--
-- Adatbázis: `okosotthon`
--
CREATE DATABASE IF NOT EXISTS `okosotthon` DEFAULT CHARACTER SET utf8 COLLATE utf8_hungarian_ci;
USE `okosotthon`;

-- --------------------------------------------------------

--
-- Tábla szerkezet ehhez a táblához `adatok`
--

CREATE TABLE `adatok` (
  `id` int(11) NOT NULL,
  `szobaId` int(11) DEFAULT NULL,
  `homerseklet` int(11) NOT NULL,
  `paratartalom` int(11) NOT NULL,
  `levegoMin` int(11) NOT NULL,
  `datum` timestamp NOT NULL DEFAULT current_timestamp() ON UPDATE current_timestamp()
) ENGINE=InnoDB DEFAULT CHARSET=utf8 COLLATE=utf8_hungarian_ci;

--
-- A tábla adatainak kiíratása `adatok`
--

INSERT INTO `adatok` (`id`, `szobaId`, `homerseklet`, `paratartalom`, `levegoMin`, `datum`) VALUES
(1, 6, 23, 57, 19, '2021-04-09 19:08:03'),
(2, 17, 14, 33, 31, '2021-04-09 19:08:03'),
(4, 4, 16, 72, 34, '2021-04-09 19:08:03'),
(5, 18, 30, 52, 99, '2021-04-09 19:08:03'),
(8, 4, 29, 36, 38, '2021-04-09 19:08:49'),
(9, 17, 14, 74, 68, '2021-04-09 19:08:49'),
(11, 12, 39, 39, 6, '2021-04-09 19:08:50'),
(13, 17, 40, 30, 35, '2021-04-09 19:08:50'),
(15, 16, 14, 31, 19, '2021-04-09 19:08:50'),
(16, 1, 17, 55, 52, '2021-04-09 19:08:50'),
(17, 7, 34, 31, 30, '2021-04-09 19:08:50'),
(18, 16, 19, 90, 5, '2021-04-09 19:08:50'),
(20, 13, 36, 66, 94, '2021-04-09 19:08:50'),
(21, 8, 37, 45, 92, '2021-04-09 19:08:50'),
(22, 2, 39, 51, 51, '2021-04-09 19:08:50'),
(24, 6, 32, 54, 13, '2021-04-09 19:08:50'),
(26, 15, 19, 48, 12, '2021-04-09 19:08:50'),
(27, 7, 27, 35, 21, '2021-04-09 19:08:50'),
(28, 1, 19, 71, 88, '2021-04-09 19:08:50'),
(29, 18, 30, 41, 49, '2021-04-09 19:08:50'),
(31, 17, 28, 33, 100, '2021-04-09 19:08:50'),
(32, 2, 32, 46, 30, '2021-04-09 19:08:50'),
(35, 2, 24, 70, 81, '2021-04-09 19:08:50'),
(36, 17, 37, 71, 4, '2021-04-09 19:08:50'),
(38, 7, 32, 41, 97, '2021-04-09 19:08:50'),
(40, 1, 19, 86, 29, '2021-04-09 19:08:50'),
(41, 4, 39, 40, 31, '2021-04-09 19:08:50'),
(45, 18, 16, 52, 18, '2021-04-09 19:08:50'),
(48, 17, 39, 67, 69, '2021-04-09 19:08:51'),
(49, 13, 19, 88, 57, '2021-04-09 19:08:51'),
(50, 10, 35, 84, 71, '2021-04-09 19:08:51'),
(53, 3, 15, 46, 52, '2021-04-09 19:08:51'),
(54, 15, 19, 74, 55, '2021-04-09 19:08:51'),
(55, 6, 23, 49, 99, '2021-04-09 19:08:51'),
(56, 12, 31, 61, 36, '2021-04-09 19:08:51'),
(57, 12, 14, 76, 91, '2021-04-09 19:08:51'),
(58, 14, 39, 62, 75, '2021-04-09 19:08:51'),
(61, 8, 25, 73, 90, '2021-04-09 19:08:51'),
(62, 7, 35, 37, 92, '2021-04-09 19:08:51'),
(64, 6, 20, 83, 0, '2021-04-09 19:08:51'),
(66, 6, 20, 35, 99, '2021-04-09 19:08:51'),
(67, 1, 34, 74, 44, '2021-04-09 19:08:51'),
(69, 2, 21, 36, 57, '2021-04-09 19:08:51'),
(71, 8, 17, 64, 5, '2021-04-09 19:08:52'),
(75, 6, 24, 77, 88, '2021-04-09 19:08:52'),
(76, 12, 25, 68, 5, '2021-04-09 19:08:52'),
(77, 15, 33, 87, 34, '2021-04-09 19:08:52'),
(78, 18, 28, 53, 1, '2021-04-09 19:08:52'),
(79, 5, 32, 65, 45, '2021-04-09 19:08:52'),
(82, 14, 27, 43, 19, '2021-04-09 19:08:52'),
(83, 1, 28, 90, 71, '2021-04-09 19:08:52'),
(84, 4, 27, 48, 28, '2021-04-09 19:08:52'),
(85, 10, 19, 64, 93, '2021-04-09 19:08:52'),
(86, 3, 30, 39, 47, '2021-04-09 19:08:52'),
(91, 3, 28, 40, 30, '2021-04-09 19:08:52'),
(92, 4, 31, 61, 83, '2021-04-09 19:08:52'),
(96, 4, 40, 57, 45, '2021-04-09 19:08:52'),
(98, 18, 25, 47, 42, '2021-04-09 19:08:52'),
(100, 15, 37, 34, 84, '2021-04-09 19:08:53'),
(104, 6, 27, 75, 76, '2021-04-09 19:08:53'),
(105, 4, 18, 74, 6, '2021-04-09 19:08:53'),
(106, 5, 35, 31, 52, '2021-04-09 19:08:53'),
(107, 17, 30, 62, 45, '2021-04-09 19:08:53'),
(108, 4, 14, 66, 4, '2021-04-09 19:08:53'),
(110, 16, 35, 33, 47, '2021-04-09 19:08:53'),
(111, 1, 21, 60, 98, '2021-04-09 19:08:53'),
(112, 13, 15, 34, 84, '2021-04-09 19:08:53'),
(113, 6, 19, 49, 74, '2021-04-09 19:08:53'),
(115, 12, 39, 61, 26, '2021-04-09 19:08:53'),
(116, 11, 20, 31, 69, '2021-04-09 19:08:53'),
(120, 10, 19, 82, 0, '2021-04-09 19:08:53'),
(122, 13, 17, 31, 43, '2021-04-09 19:08:53'),
(124, 6, 36, 62, 64, '2021-04-09 19:08:53'),
(125, 7, 39, 58, 48, '2021-04-09 19:08:53'),
(126, 8, 31, 56, 62, '2021-04-09 19:08:53'),
(127, 17, 21, 39, 39, '2021-04-09 19:08:53'),
(128, 2, 24, 41, 43, '2021-04-09 19:08:53'),
(129, 14, 25, 52, 25, '2021-04-09 19:08:53'),
(130, 10, 33, 65, 31, '2021-04-09 19:08:53'),
(132, 16, 32, 88, 21, '2021-04-09 19:08:53'),
(133, 11, 32, 60, 79, '2021-04-09 19:08:53'),
(135, 14, 27, 52, 64, '2021-04-09 19:08:53'),
(136, 4, 21, 86, 77, '2021-04-09 19:08:53'),
(138, 7, 39, 62, 15, '2021-04-09 19:08:54'),
(139, 10, 31, 89, 30, '2021-04-09 19:08:54'),
(145, 7, 34, 84, 44, '2021-04-09 19:08:54'),
(146, 7, 39, 55, 2, '2021-04-09 19:08:54'),
(148, 11, 24, 50, 38, '2021-04-09 19:08:54'),
(154, 11, 17, 63, 37, '2021-04-09 19:08:54'),
(155, 6, 28, 68, 94, '2021-04-09 19:08:54'),
(156, 8, 39, 56, 59, '2021-04-09 19:08:54'),
(157, 12, 18, 66, 43, '2021-04-09 19:08:54'),
(158, 16, 38, 41, 44, '2021-04-09 19:08:54'),
(159, 5, 15, 48, 0, '2021-04-09 19:08:54'),
(163, 13, 38, 76, 63, '2021-04-09 19:08:54'),
(165, 10, 18, 90, 92, '2021-04-09 19:08:54'),
(166, 1, 22, 71, 35, '2021-04-09 19:08:55'),
(167, 4, 21, 71, 26, '2021-04-09 19:08:55'),
(168, 7, 25, 53, 13, '2021-04-09 19:08:55'),
(169, 14, 19, 56, 65, '2021-04-09 19:08:55'),
(172, 8, 36, 68, 54, '2021-04-09 19:08:55'),
(176, 1, 30, 44, 89, '2021-04-09 19:08:55'),
(178, 1, 25, 79, 19, '2021-04-09 19:08:55'),
(179, 1, 27, 50, 24, '2021-04-09 19:08:55'),
(181, 7, 34, 59, 22, '2021-04-09 19:08:55'),
(182, 17, 40, 72, 48, '2021-04-09 19:08:55'),
(183, 13, 40, 63, 14, '2021-04-09 19:08:55'),
(185, 8, 21, 68, 19, '2021-04-09 19:08:55'),
(187, 6, 15, 75, 27, '2021-04-09 19:08:55'),
(188, 13, 19, 54, 53, '2021-04-09 19:08:55'),
(189, 8, 25, 74, 74, '2021-04-09 19:08:55'),
(190, 12, 17, 63, 55, '2021-04-09 19:08:56'),
(192, 2, 25, 41, 66, '2021-04-09 19:08:56'),
(193, 3, 22, 40, 47, '2021-04-09 19:08:56'),
(194, 15, 29, 32, 6, '2021-04-09 19:08:56'),
(195, 4, 24, 45, 55, '2021-04-09 19:08:56'),
(196, 11, 20, 62, 67, '2021-04-09 19:08:56'),
(197, 18, 14, 65, 41, '2021-04-09 19:08:56'),
(199, 1, 36, 80, 69, '2021-04-09 19:08:56'),
(201, 17, 33, 40, 15, '2021-04-09 19:08:56'),
(202, 7, 30, 80, 16, '2021-04-09 19:08:56'),
(203, 16, 17, 86, 92, '2021-04-09 19:08:56'),
(204, 11, 27, 34, 69, '2021-04-09 19:08:56'),
(206, 5, 23, 76, 53, '2021-04-09 19:09:19'),
(207, 10, 33, 33, 95, '2021-04-09 19:09:19'),
(208, 2, 30, 73, 57, '2021-04-09 19:09:19'),
(209, 7, 36, 82, 50, '2021-04-09 19:09:19'),
(210, 36, 37, 41, 16, '2021-04-09 19:09:19'),
(213, 11, 34, 72, 90, '2021-04-09 19:11:55'),
(215, 2, 18, 73, 33, '2021-04-09 19:11:55'),
(216, 17, 32, 62, 51, '2021-04-09 19:11:55'),
(217, 17, 34, 57, 62, '2021-04-09 19:11:55'),
(218, 2, 17, 65, 87, '2021-04-09 19:11:55'),
(219, 15, 31, 63, 83, '2021-04-09 19:11:55'),
(220, 10, 19, 51, 5, '2021-04-09 19:11:55'),
(222, 27, 34, 44, 16, '2021-04-09 19:12:05'),
(224, 36, 26, 81, 2, '2021-04-09 19:12:05'),
(225, 36, 23, 35, 66, '2021-04-09 19:12:05'),
(227, 13, 38, 76, 23, '2021-04-09 19:12:05'),
(228, 2, 25, 42, 16, '2021-04-09 19:12:05'),
(231, 12, 33, 82, 85, '2021-04-09 19:12:05'),
(233, 16, 21, 84, 65, '2021-04-09 19:12:05'),
(234, 5, 38, 79, 50, '2021-04-09 19:12:05'),
(235, 32, 22, 58, 53, '2021-04-09 19:12:05'),
(238, 7, 24, 54, 51, '2021-04-09 19:12:05'),
(239, 2, 20, 63, 27, '2021-04-09 19:12:05'),
(240, 5, 17, 62, 98, '2021-04-09 19:12:05'),
(241, 6, 37, 60, 43, '2021-04-09 19:12:05'),
(242, 17, 24, 51, 71, '2021-04-09 19:12:05'),
(243, 2, 35, 70, 40, '2021-04-09 19:12:05'),
(245, 2, 33, 69, 92, '2021-04-09 19:12:05'),
(246, 4, 28, 36, 10, '2021-04-09 19:12:05'),
(247, 14, 26, 46, 41, '2021-04-09 19:12:05'),
(249, 8, 27, 70, 45, '2021-04-09 19:12:05'),
(250, 7, 16, 54, 11, '2021-04-09 19:12:05'),
(251, 34, 37, 79, 8, '2021-04-09 19:12:05'),
(253, 2, 35, 83, 80, '2021-04-09 19:12:05'),
(254, 4, 35, 83, 79, '2021-04-09 19:12:05'),
(256, 4, 26, 83, 78, '2021-04-09 19:12:05'),
(261, 16, 33, 45, 93, '2021-04-09 19:12:06'),
(263, 5, 23, 63, 96, '2021-04-09 19:12:06'),
(264, 31, 25, 32, 32, '2021-04-09 19:12:06'),
(265, 2, 39, 61, 47, '2021-04-09 19:12:06'),
(266, 2, 20, 45, 35, '2021-04-09 19:12:06'),
(267, 36, 19, 32, 3, '2021-04-09 19:12:06'),
(269, 15, 35, 37, 53, '2021-04-09 19:12:06'),
(270, 27, 15, 51, 46, '2021-04-09 19:12:06'),
(271, 11, 38, 34, 19, '2021-04-09 19:12:06'),
(272, 18, 34, 64, 82, '2021-04-09 19:12:06'),
(273, 17, 39, 35, 86, '2021-04-09 19:12:06'),
(276, 5, 29, 77, 21, '2021-04-09 19:12:06'),
(277, 1, 34, 47, 65, '2021-04-09 19:12:06'),
(278, 3, 39, 86, 86, '2021-04-09 19:12:06'),
(279, 12, 37, 31, 19, '2021-04-09 19:12:06'),
(281, 8, 21, 68, 69, '2021-04-09 19:12:06'),
(285, 17, 26, 63, 2, '2021-04-09 19:12:06'),
(287, 30, 30, 82, 15, '2021-04-09 19:12:06'),
(289, 10, 34, 67, 87, '2021-04-09 19:12:06'),
(291, 6, 25, 39, 42, '2021-04-09 19:12:06'),
(292, 33, 29, 70, 53, '2021-04-09 19:12:07'),
(293, 14, 26, 76, 10, '2021-04-09 19:12:07'),
(294, 12, 17, 77, 62, '2021-04-09 19:12:07'),
(295, 36, 37, 36, 97, '2021-04-09 19:12:07'),
(296, 5, 34, 74, 34, '2021-04-09 19:12:07'),
(297, 13, 27, 70, 90, '2021-04-09 19:12:07'),
(298, 30, 25, 55, 15, '2021-04-09 19:12:07'),
(300, 36, 20, 49, 15, '2021-04-09 19:12:07'),
(301, 11, 27, 86, 68, '2021-04-09 19:12:07'),
(303, 33, 15, 54, 20, '2021-04-09 19:12:07'),
(304, 30, 23, 32, 95, '2021-04-09 19:12:07'),
(305, 18, 24, 37, 63, '2021-04-09 19:12:07'),
(308, 34, 17, 76, 84, '2021-04-09 19:12:07'),
(310, 32, 30, 65, 66, '2021-04-09 19:12:07'),
(311, 32, 31, 90, 62, '2021-04-09 19:12:07'),
(312, 16, 22, 89, 66, '2021-04-09 19:12:07'),
(313, 33, 17, 79, 55, '2021-04-09 19:12:07'),
(314, 31, 34, 48, 89, '2021-04-09 19:12:07'),
(315, 5, 40, 32, 53, '2021-04-09 19:12:07'),
(317, 10, 36, 51, 32, '2021-04-09 19:12:07'),
(318, 30, 27, 89, 73, '2021-04-09 19:12:07'),
(319, 30, 15, 51, 34, '2021-04-09 19:12:07'),
(323, 3, 23, 36, 21, '2021-04-09 19:12:08'),
(324, 16, 37, 70, 68, '2021-04-09 19:12:08'),
(329, 3, 15, 76, 72, '2021-04-09 19:12:08'),
(330, 12, 40, 56, 31, '2021-04-09 19:12:08'),
(331, 5, 36, 36, 75, '2021-04-09 19:12:08'),
(333, 28, 29, 40, 95, '2021-04-09 19:12:08'),
(334, 12, 39, 75, 89, '2021-04-09 19:12:08'),
(335, 28, 23, 36, 1, '2021-04-09 19:12:08'),
(336, 12, 35, 40, 16, '2021-04-09 19:12:08'),
(338, 31, 21, 80, 67, '2021-04-09 19:12:08'),
(339, 30, 39, 89, 49, '2021-04-09 19:12:08'),
(340, 30, 36, 84, 19, '2021-04-09 19:12:08'),
(341, 6, 31, 37, 8, '2021-04-09 19:12:08'),
(344, 28, 40, 50, 80, '2021-04-09 19:12:08'),
(345, 7, 25, 58, 26, '2021-04-09 19:12:09'),
(348, 32, 40, 44, 15, '2021-04-09 19:12:09'),
(349, 31, 33, 53, 40, '2021-04-09 19:12:09'),
(351, 2, 15, 63, 33, '2021-04-09 19:12:09'),
(352, 32, 32, 31, 29, '2021-04-09 19:12:09'),
(355, 18, 27, 52, 40, '2021-04-09 19:12:09'),
(357, 11, 18, 41, 71, '2021-04-09 19:12:09'),
(358, 14, 25, 55, 64, '2021-04-09 19:12:09'),
(359, 33, 32, 43, 80, '2021-04-09 19:12:09'),
(360, 18, 20, 30, 88, '2021-04-09 19:12:09'),
(361, 16, 31, 30, 67, '2021-04-09 19:12:09'),
(362, 31, 29, 67, 31, '2021-04-09 19:12:09'),
(363, 32, 20, 56, 29, '2021-04-09 19:12:09'),
(364, 4, 25, 53, 54, '2021-04-09 19:12:09'),
(365, 33, 16, 88, 20, '2021-04-09 19:12:09'),
(366, 10, 19, 88, 72, '2021-04-09 19:12:09'),
(367, 30, 19, 47, 94, '2021-04-09 19:12:09'),
(369, 2, 33, 38, 29, '2021-04-09 19:12:09'),
(372, 32, 37, 44, 38, '2021-04-09 19:12:09'),
(373, 34, 18, 53, 72, '2021-04-09 19:12:09'),
(374, 30, 39, 83, 15, '2021-04-09 19:12:09'),
(376, 34, 32, 47, 49, '2021-04-09 19:12:09'),
(377, 18, 17, 89, 47, '2021-04-09 19:12:10'),
(378, 17, 37, 63, 23, '2021-04-09 19:12:10'),
(379, 34, 19, 35, 96, '2021-04-09 19:12:10'),
(380, 27, 35, 54, 15, '2021-04-09 19:12:10'),
(382, 16, 27, 62, 40, '2021-04-09 19:12:10'),
(383, 14, 17, 73, 17, '2021-04-09 19:12:10'),
(384, 28, 38, 76, 16, '2021-04-09 19:12:10'),
(385, 15, 23, 39, 61, '2021-04-09 19:12:10'),
(386, 11, 37, 81, 88, '2021-04-09 19:12:10'),
(387, 5, 36, 90, 76, '2021-04-09 19:12:10'),
(388, 7, 14, 65, 91, '2021-04-09 19:12:10'),
(389, 18, 27, 31, 49, '2021-04-09 19:12:10'),
(390, 5, 28, 75, 15, '2021-04-09 19:12:10'),
(391, 10, 32, 60, 57, '2021-04-09 19:12:10'),
(394, 8, 24, 85, 9, '2021-04-09 19:12:10'),
(396, 12, 32, 83, 22, '2021-04-09 19:12:10'),
(397, 17, 14, 63, 35, '2021-04-09 19:12:10'),
(399, 31, 26, 34, 76, '2021-04-09 19:12:10'),
(400, 12, 16, 81, 99, '2021-04-09 19:12:10'),
(401, 11, 25, 77, 64, '2021-04-09 19:12:10'),
(402, 27, 20, 62, 1, '2021-04-09 19:12:10'),
(404, 8, 29, 48, 49, '2021-04-09 19:12:10'),
(405, 3, 40, 58, 76, '2021-04-09 19:12:10'),
(406, 3, 22, 45, 55, '2021-04-09 19:12:10'),
(407, 15, 39, 89, 45, '2021-04-09 19:12:10'),
(408, 8, 37, 40, 80, '2021-04-09 19:12:10'),
(409, 1, 32, 71, 16, '2021-04-09 19:12:11'),
(411, 7, 21, 39, 99, '2021-04-09 19:12:11'),
(412, 13, 39, 72, 19, '2021-04-09 19:12:11'),
(414, 31, 27, 88, 5, '2021-04-09 19:12:11'),
(415, 2, 27, 71, 25, '2021-04-09 19:12:11'),
(416, 7, 26, 54, 83, '2021-04-09 19:12:11'),
(417, 4, 23, 70, 32, '2021-04-09 19:12:11'),
(418, 3, 15, 54, 38, '2021-04-09 19:12:11'),
(420, 14, 26, 60, 31, '2021-04-09 19:12:11'),
(421, 28, 31, 52, 73, '2021-04-09 19:14:06'),
(422, 4, 32, 56, 90, '2021-04-09 19:14:06'),
(423, 27, 37, 32, 96, '2021-04-09 19:14:06'),
(424, 11, 36, 50, 6, '2021-04-09 19:14:06'),
(426, 33, 27, 66, 56, '2021-04-09 19:18:51'),
(427, 27, 40, 36, 59, '2021-04-09 19:18:51'),
(428, 4, 17, 71, 53, '2021-04-09 19:18:51'),
(430, 27, 20, 69, 0, '2021-04-09 19:18:51'),
(433, 12, 36, 48, 100, '2021-04-09 19:19:44'),
(435, 8, 20, 47, 40, '2021-04-09 19:19:44');

-- --------------------------------------------------------

--
-- Tábla szerkezet ehhez a táblához `eszkozok`
--

CREATE TABLE `eszkozok` (
  `id` int(11) NOT NULL,
  `eszkozNev` varchar(30) COLLATE utf8_hungarian_ci DEFAULT NULL
) ENGINE=InnoDB DEFAULT CHARSET=utf8 COLLATE=utf8_hungarian_ci;

--
-- A tábla adatainak kiíratása `eszkozok`
--

INSERT INTO `eszkozok` (`id`, `eszkozNev`) VALUES
(1, 'Termosztát'),
(2, 'Redőny'),
(3, 'Lámpa'),
(4, 'Függöny'),
(5, 'qweqweqwe');

-- --------------------------------------------------------

--
-- Tábla szerkezet ehhez a táblához `futes`
--

CREATE TABLE `futes` (
  `id` int(11) NOT NULL,
  `futesTipus` varchar(20) COLLATE utf8_hungarian_ci DEFAULT NULL
) ENGINE=InnoDB DEFAULT CHARSET=utf8 COLLATE=utf8_hungarian_ci;

--
-- A tábla adatainak kiíratása `futes`
--

INSERT INTO `futes` (`id`, `futesTipus`) VALUES
(1, 'Távhő'),
(2, 'Gáz'),
(3, 'Kájha'),
(4, 'Hősugárzó'),
(5, 'weqweqweqweqweqw');

-- --------------------------------------------------------

--
-- Tábla szerkezet ehhez a táblához `lakas`
--

CREATE TABLE `lakas` (
  `id` int(11) NOT NULL,
  `lakasnev` varchar(255) COLLATE utf8_hungarian_ci NOT NULL
) ENGINE=InnoDB DEFAULT CHARSET=utf8 COLLATE=utf8_hungarian_ci;

--
-- A tábla adatainak kiíratása `lakas`
--

INSERT INTO `lakas` (`id`, `lakasnev`) VALUES
(1, 'kora'),
(2, 'kovács'),
(3, 'dani'),
(4, 'bazsi');

-- --------------------------------------------------------

--
-- Tábla szerkezet ehhez a táblához `szoba`
--

CREATE TABLE `szoba` (
  `id` int(11) NOT NULL,
  `szobaNev` varchar(20) COLLATE utf8_hungarian_ci NOT NULL,
  `terulet` int(11) NOT NULL,
  `lakasID` int(11) DEFAULT NULL
) ENGINE=InnoDB DEFAULT CHARSET=utf8 COLLATE=utf8_hungarian_ci;

--
-- A tábla adatainak kiíratása `szoba`
--

INSERT INTO `szoba` (`id`, `szobaNev`, `terulet`, `lakasID`) VALUES
(1, 'konyha', 15, 3),
(2, 'fürdő', 8, 1),
(3, 'nappali', 12, 2),
(4, 'hálószoba', 20, 4),
(5, 'gyerekszoba', 30, 1),
(6, 'konyha', 17, 2),
(7, 'kamra', 10, 3),
(8, 'fürdő', 0, 2),
(10, 'emelet nappali', 10, 3),
(11, 'ebédlő', 10, 2),
(12, 'dolgozó szoba', 111, 4),
(13, 'macska birodalma', 17, 2),
(14, 'garázs', 22, 1),
(15, 'kutya szobája', 20, 3),
(16, 'játék szoba', 111, 2),
(17, 'mellék helyiség', 4, 1),
(18, 'wc', 6, 4),
(27, 'gamer room', 10, 3),
(28, 'uszoda', 10, 1),
(30, 'növény szoba', 10, 4),
(31, 'jakuzzi', 10, 2),
(32, 'ablak szoba', 10, 2),
(33, 'meleg gőzölös szoba', 111, 4),
(34, 'edzőszoba', 10, 2),
(36, 'konyha', 11, 3);

-- --------------------------------------------------------

--
-- Tábla szerkezet ehhez a táblához `tobbeszkoz`
--

CREATE TABLE `tobbeszkoz` (
  `eszkozID` int(11) DEFAULT NULL,
  `szobaID` int(11) DEFAULT NULL,
  `bekiE` int(11) NOT NULL
) ENGINE=InnoDB DEFAULT CHARSET=utf8 COLLATE=utf8_hungarian_ci;

--
-- A tábla adatainak kiíratása `tobbeszkoz`
--

INSERT INTO `tobbeszkoz` (`eszkozID`, `szobaID`, `bekiE`) VALUES
(1, 1, 0),
(2, 1, 0),
(1, 1, 0),
(2, 1, 0),
(1, 3, 0),
(3, 6, 0),
(4, 28, 0),
(3, 5, 0),
(4, 8, 0),
(3, 11, 0),
(2, 15, 0),
(2, 16, 0),
(1, 17, 0),
(4, 30, 0),
(3, 31, 0),
(2, 18, 0),
(1, 28, 0),
(4, 7, 0);

-- --------------------------------------------------------

--
-- Tábla szerkezet ehhez a táblához `tobbfutes`
--

CREATE TABLE `tobbfutes` (
  `futesID` int(11) DEFAULT NULL,
  `szobaID` int(11) DEFAULT NULL,
  `bekiF` int(11) NOT NULL,
  `fokozatF` int(11) NOT NULL
) ENGINE=InnoDB DEFAULT CHARSET=utf8 COLLATE=utf8_hungarian_ci;

--
-- A tábla adatainak kiíratása `tobbfutes`
--

INSERT INTO `tobbfutes` (`futesID`, `szobaID`, `bekiF`, `fokozatF`) VALUES
(1, 1, 0, 0),
(4, 1, 0, 0),
(2, 30, 0, 0),
(4, 28, 0, 0),
(1, 18, 0, 0),
(2, 17, 0, 0),
(4, 27, 0, 0),
(3, 27, 0, 0),
(1, 28, 0, 0),
(2, 30, 0, 0),
(3, 31, 0, 0);

-- --------------------------------------------------------

--
-- Tábla szerkezet ehhez a táblához `users`
--

CREATE TABLE `users` (
  `id` int(11) NOT NULL,
  `felh` varchar(500) COLLATE utf8_hungarian_ci NOT NULL,
  `jelszo` varchar(500) COLLATE utf8_hungarian_ci NOT NULL,
  `emial` varchar(50) COLLATE utf8_hungarian_ci NOT NULL,
  `lakasId` int(11) DEFAULT NULL
) ENGINE=InnoDB DEFAULT CHARSET=utf8 COLLATE=utf8_hungarian_ci;

--
-- A tábla adatainak kiíratása `users`
--

INSERT INTO `users` (`id`, `felh`, `jelszo`, `emial`, `lakasId`) VALUES
(1, 'Proba', '6F3FE9DE1BB147DAC52F349CFFF49CEE8257AA3AF48533711DC97594D08BAE07E460EE3A3CF49F4BAD1E17F74C7AF95D709E32CC7B58A1807E0258D67D558625', 'proba@gmail.com', 1),
(2, 'tesztelek', '8ED678CB515DD942EAC6A224212CFDD295146B2A858DD19A43C34BF5210700F648AD66DA82408E284FBB315EB9E8E49EE1E08AAC438656D40271371E3E2EC87F', 'tesztelek@gmail.com', 2);

--
-- Indexek a kiírt táblákhoz
--

--
-- A tábla indexei `adatok`
--
ALTER TABLE `adatok`
  ADD PRIMARY KEY (`id`),
  ADD KEY `szobaId` (`szobaId`);

--
-- A tábla indexei `eszkozok`
--
ALTER TABLE `eszkozok`
  ADD PRIMARY KEY (`id`);

--
-- A tábla indexei `futes`
--
ALTER TABLE `futes`
  ADD PRIMARY KEY (`id`);

--
-- A tábla indexei `lakas`
--
ALTER TABLE `lakas`
  ADD PRIMARY KEY (`id`);

--
-- A tábla indexei `szoba`
--
ALTER TABLE `szoba`
  ADD PRIMARY KEY (`id`),
  ADD KEY `lakasID` (`lakasID`);

--
-- A tábla indexei `tobbeszkoz`
--
ALTER TABLE `tobbeszkoz`
  ADD KEY `eszkozID` (`eszkozID`),
  ADD KEY `szobaID` (`szobaID`);

--
-- A tábla indexei `tobbfutes`
--
ALTER TABLE `tobbfutes`
  ADD KEY `futesID` (`futesID`),
  ADD KEY `szobaID` (`szobaID`);

--
-- A tábla indexei `users`
--
ALTER TABLE `users`
  ADD PRIMARY KEY (`id`),
  ADD KEY `lakasId` (`lakasId`),
  ADD KEY `lakasId_2` (`lakasId`);

--
-- A kiírt táblák AUTO_INCREMENT értéke
--

--
-- AUTO_INCREMENT a táblához `adatok`
--
ALTER TABLE `adatok`
  MODIFY `id` int(11) NOT NULL AUTO_INCREMENT, AUTO_INCREMENT=436;

--
-- AUTO_INCREMENT a táblához `eszkozok`
--
ALTER TABLE `eszkozok`
  MODIFY `id` int(11) NOT NULL AUTO_INCREMENT, AUTO_INCREMENT=6;

--
-- AUTO_INCREMENT a táblához `futes`
--
ALTER TABLE `futes`
  MODIFY `id` int(11) NOT NULL AUTO_INCREMENT, AUTO_INCREMENT=6;

--
-- AUTO_INCREMENT a táblához `lakas`
--
ALTER TABLE `lakas`
  MODIFY `id` int(11) NOT NULL AUTO_INCREMENT, AUTO_INCREMENT=69;

--
-- AUTO_INCREMENT a táblához `szoba`
--
ALTER TABLE `szoba`
  MODIFY `id` int(11) NOT NULL AUTO_INCREMENT, AUTO_INCREMENT=39;

--
-- AUTO_INCREMENT a táblához `users`
--
ALTER TABLE `users`
  MODIFY `id` int(11) NOT NULL AUTO_INCREMENT, AUTO_INCREMENT=3;

--
-- Megkötések a kiírt táblákhoz
--

--
-- Megkötések a táblához `adatok`
--
ALTER TABLE `adatok`
  ADD CONSTRAINT `adatok_ibfk_1` FOREIGN KEY (`szobaId`) REFERENCES `szoba` (`id`);

--
-- Megkötések a táblához `szoba`
--
ALTER TABLE `szoba`
  ADD CONSTRAINT `szoba_ibfk_1` FOREIGN KEY (`lakasID`) REFERENCES `lakas` (`id`) ON DELETE CASCADE ON UPDATE CASCADE;

--
-- Megkötések a táblához `tobbeszkoz`
--
ALTER TABLE `tobbeszkoz`
  ADD CONSTRAINT `tobbeszkoz_ibfk_1` FOREIGN KEY (`szobaID`) REFERENCES `szoba` (`id`) ON DELETE CASCADE ON UPDATE CASCADE,
  ADD CONSTRAINT `tobbeszkoz_ibfk_2` FOREIGN KEY (`eszkozID`) REFERENCES `eszkozok` (`id`) ON DELETE CASCADE ON UPDATE CASCADE;

--
-- Megkötések a táblához `tobbfutes`
--
ALTER TABLE `tobbfutes`
  ADD CONSTRAINT `tobbfutes_ibfk_1` FOREIGN KEY (`szobaID`) REFERENCES `szoba` (`id`) ON DELETE CASCADE ON UPDATE CASCADE,
  ADD CONSTRAINT `tobbfutes_ibfk_2` FOREIGN KEY (`futesID`) REFERENCES `futes` (`id`) ON DELETE CASCADE ON UPDATE CASCADE;

--
-- Megkötések a táblához `users`
--
ALTER TABLE `users`
  ADD CONSTRAINT `users_ibfk_1` FOREIGN KEY (`lakasId`) REFERENCES `lakas` (`id`) ON DELETE CASCADE ON UPDATE CASCADE;
COMMIT;

/*!40101 SET CHARACTER_SET_CLIENT=@OLD_CHARACTER_SET_CLIENT */;
/*!40101 SET CHARACTER_SET_RESULTS=@OLD_CHARACTER_SET_RESULTS */;
/*!40101 SET COLLATION_CONNECTION=@OLD_COLLATION_CONNECTION */;
