-- phpMyAdmin SQL Dump
-- version 5.0.4
-- https://www.phpmyadmin.net/
--
-- Gép: 127.0.0.1
-- Létrehozás ideje: 2021. Már 07. 19:40
-- Kiszolgáló verziója: 10.4.17-MariaDB
-- PHP verzió: 7.2.34

SET SQL_MODE = "NO_AUTO_VALUE_ON_ZERO";
START TRANSACTION;
SET time_zone = "+00:00";


/*!40101 SET @OLD_CHARACTER_SET_CLIENT=@@CHARACTER_SET_CLIENT */;
/*!40101 SET @OLD_CHARACTER_SET_RESULTS=@@CHARACTER_SET_RESULTS */;
/*!40101 SET @OLD_COLLATION_CONNECTION=@@COLLATION_CONNECTION */;
/*!40101 SET NAMES utf8mb4 */;

--
-- Adatbázis: `okosotthon`
--
CREATE DATABASE IF NOT EXISTS `okosotthon` DEFAULT CHARACTER SET utf8 COLLATE utf8_hungarian_ci;
USE `okosotthon`;

-- --------------------------------------------------------

--
-- Tábla szerkezet ehhez a táblához `adatok`
--

CREATE TABLE `adatok` (
  `id` int(11) NOT NULL,
  `szobaId` int(11) DEFAULT NULL,
  `homerseklet` int(11) NOT NULL,
  `paratartalom` int(11) NOT NULL,
  `levegoMin` int(11) NOT NULL
) ENGINE=InnoDB DEFAULT CHARSET=utf8 COLLATE=utf8_hungarian_ci;

--
-- A tábla adatainak kiíratása `adatok`
--

INSERT INTO `adatok` (`id`, `szobaId`, `homerseklet`, `paratartalom`, `levegoMin`) VALUES
(1, 2, 20, 87, 67),
(2, 4, 21, 56, 98),
(3, 2, 21, 80, 60),
(4, 3, 29, 37, 83),
(5, 5, 18, 56, 56),
(6, 7, 20, 78, 75),
(7, 3, 19, 90, 97),
(8, 11, 2, 81, 72),
(9, 9, 1, 60, 25),
(10, 7, 21, 73, 84),
(11, 10, 19, 36, 24),
(12, 11, 23, 48, 43),
(13, 8, 1, 61, 56),
(14, 3, 13, 85, 64),
(15, 7, 13, 62, 82),
(16, 12, 23, 52, 47),
(17, 3, 4, 63, 67),
(18, 3, 10, 78, 28),
(19, 4, 25, 64, 67),
(20, 9, 19, 78, 89),
(21, 9, 23, 80, 53),
(22, 8, 8, 82, 82),
(23, 3, 4, 89, 29),
(24, 4, 39, 88, 70),
(25, 1, 23, 68, 1),
(26, 11, 21, 53, 99),
(27, 6, 21, 56, 92),
(28, 2, 9, 47, 94),
(29, 2, 16, 41, 88),
(30, 7, 16, 88, 18),
(31, 5, 27, 90, 90),
(32, 11, 37, 44, 67),
(33, 11, 4, 73, 19),
(34, 2, 27, 81, 79),
(35, 7, 5, 33, 88),
(36, 5, 11, 56, 74),
(37, 1, 20, 42, 95),
(38, 10, 14, 84, 52),
(39, 6, 31, 69, 8),
(40, 11, 35, 79, 46),
(41, 11, 37, 40, 58),
(42, 2, 16, 51, 56),
(43, 4, 20, 52, 74),
(44, 2, 33, 87, 64),
(45, 2, 15, 74, 38),
(46, 1, 36, 68, 10),
(47, 11, 34, 45, 100),
(48, 12, 24, 53, 15),
(49, 6, 35, 57, 92),
(50, 6, 24, 60, 23),
(51, 6, 19, 49, 63),
(52, 9, 29, 79, 0),
(53, 2, 24, 71, 29),
(54, 9, 37, 67, 8),
(55, 10, 14, 50, 52),
(56, 8, 26, 31, 77),
(57, 1, 22, 33, 50),
(58, 3, 27, 89, 83),
(59, 1, 24, 79, 44),
(60, 6, 34, 73, 53),
(61, 7, 16, 58, 92),
(62, 11, 25, 40, 65),
(63, 1, 29, 46, 63),
(64, 9, 28, 76, 37),
(65, 6, 28, 66, 93),
(66, 6, 28, 61, 59),
(67, 8, 38, 38, 17),
(68, 12, 15, 68, 78),
(69, 5, 31, 64, 49),
(71, 9, 40, 67, 17),
(72, 10, 35, 78, 77),
(73, 10, 22, 49, 8),
(74, 3, 37, 45, 34),
(75, 7, 40, 71, 22),
(76, 8, 34, 49, 65),
(77, 4, 19, 42, 24),
(78, 11, 24, 60, 91),
(79, 3, 15, 59, 33),
(80, 3, 16, 73, 73),
(81, 10, 34, 45, 54),
(82, 8, 37, 69, 34),
(83, 9, 34, 73, 91),
(84, 1, 38, 75, 27),
(85, 7, 25, 37, 41),
(86, 3, 22, 43, 87),
(87, 3, 14, 42, 55),
(88, 12, 40, 69, 77),
(89, 8, 18, 50, 17),
(91, 2, 40, 81, 79),
(92, 12, 32, 89, 67),
(93, 6, 37, 40, 81),
(94, 8, 29, 61, 8),
(95, 4, 31, 46, 17),
(96, 12, 21, 64, 4),
(97, 12, 27, 53, 44),
(98, 3, 15, 60, 13),
(99, 2, 34, 90, 88),
(100, 2, 16, 83, 74),
(101, 11, 40, 84, 44),
(102, 9, 18, 71, 63),
(103, 1, 22, 75, 41),
(104, 2, 28, 80, 78),
(105, 1, 20, 76, 28),
(106, 12, 17, 52, 75),
(109, 8, 19, 59, 92),
(110, 2, 32, 47, 55),
(111, 2, 34, 81, 13),
(112, 1, 16, 41, 34),
(113, 3, 20, 79, 39),
(114, 11, 33, 38, 87),
(115, 5, 28, 65, 55),
(116, 7, 32, 40, 95),
(117, 9, 40, 51, 24),
(118, 8, 29, 52, 81),
(119, 8, 32, 64, 46),
(120, 2, 35, 40, 64),
(121, 6, 18, 65, 12),
(122, 5, 23, 69, 8),
(123, 4, 39, 78, 20),
(124, 7, 40, 40, 14),
(125, 3, 21, 53, 34),
(126, 2, 20, 90, 72),
(127, 2, 22, 77, 6),
(128, 8, 18, 42, 26),
(129, 9, 39, 81, 56),
(130, 4, 16, 60, 79),
(131, 5, 33, 58, 60),
(132, 1, 34, 30, 33),
(133, 11, 37, 53, 92),
(135, 5, 30, 84, 71),
(136, 5, 17, 80, 46),
(137, 6, 15, 38, 84),
(138, 4, 16, 63, 83),
(139, 4, 32, 57, 63),
(140, 2, 28, 48, 76),
(141, 11, 25, 48, 97),
(142, 10, 31, 51, 35),
(143, 9, 21, 89, 81),
(145, 3, 40, 54, 100),
(146, 1, 21, 40, 34),
(147, 4, 16, 72, 30),
(148, 4, 28, 80, 73),
(149, 10, 31, 89, 14),
(151, 5, 27, 53, 82),
(152, 11, 27, 74, 99),
(153, 1, 20, 50, 64),
(154, 2, 29, 88, 72),
(156, 12, 21, 34, 97),
(157, 5, 35, 55, 34),
(158, 1, 29, 74, 12),
(159, 4, 19, 72, 31),
(160, 11, 34, 73, 71),
(161, 12, 14, 50, 16),
(162, 10, 22, 60, 24),
(163, 12, 24, 41, 97),
(165, 12, 25, 67, 16),
(166, 2, 32, 63, 40),
(167, 9, 28, 75, 78),
(168, 3, 20, 77, 16),
(169, 5, 35, 37, 18),
(170, 5, 25, 57, 10),
(171, 7, 19, 31, 19),
(172, 8, 16, 56, 13),
(173, 11, 19, 33, 93),
(174, 10, 39, 34, 85),
(176, 8, 19, 41, 78),
(177, 11, 34, 31, 47),
(178, 1, 25, 34, 80),
(179, 3, 28, 36, 52),
(180, 6, 38, 48, 70),
(181, 5, 25, 66, 68),
(182, 8, 23, 30, 29),
(183, 5, 38, 86, 86),
(184, 5, 24, 41, 18),
(185, 3, 32, 89, 21),
(186, 3, 25, 58, 88),
(187, 10, 40, 44, 24),
(188, 2, 28, 76, 56),
(189, 8, 20, 77, 75),
(190, 8, 23, 44, 44),
(191, 4, 23, 51, 44),
(192, 13, 15, 88, 85),
(193, 8, 27, 46, 90),
(194, 2, 21, 55, 27),
(195, 3, 19, 40, 22),
(196, 1, 14, 76, 36),
(197, 13, 23, 84, 24),
(198, 4, 16, 45, 44),
(199, 13, 40, 35, 46),
(200, 2, 14, 86, 39),
(201, 6, 25, 35, 57),
(202, 11, 28, 63, 31),
(203, 7, 37, 59, 76),
(204, 8, 34, 58, 94),
(205, 13, 22, 61, 5),
(206, 3, 27, 57, 66),
(207, 2, 21, 74, 47),
(208, 2, 35, 56, 94),
(209, 11, 39, 78, 42),
(210, 1, 32, 81, 4),
(211, 13, 30, 31, 71),
(212, 12, 24, 64, 73),
(213, 2, 38, 47, 100),
(214, 7, 29, 44, 21),
(215, 13, 36, 90, 67),
(216, 6, 35, 44, 83),
(217, 1, 23, 74, 71),
(218, 12, 17, 74, 95),
(219, 4, 14, 66, 14),
(220, 10, 14, 79, 39),
(221, 5, 33, 84, 45),
(222, 5, 26, 74, 45),
(223, 3, 34, 71, 29),
(224, 9, 17, 76, 46),
(225, 5, 19, 72, 75),
(226, 11, 26, 31, 85),
(227, 2, 18, 87, 87),
(228, 7, 37, 55, 67),
(230, 13, 14, 46, 19),
(232, 9, 40, 86, 39),
(233, 9, 25, 47, 17),
(234, 7, 29, 84, 78),
(235, 3, 16, 58, 48),
(236, 2, 35, 88, 54),
(237, 3, 16, 32, 75),
(238, 10, 26, 73, 94),
(240, 11, 33, 31, 23),
(241, 7, 31, 46, 63),
(242, 1, 14, 56, 61),
(243, 10, 28, 31, 4),
(245, 2, 37, 56, 56),
(246, 12, 27, 61, 18),
(247, 7, 35, 46, 43),
(248, 13, 19, 53, 84),
(249, 12, 26, 49, 49),
(250, 4, 28, 41, 3),
(251, 2, 29, 88, 76),
(252, 13, 37, 85, 23),
(253, 13, 25, 56, 53),
(254, 5, 22, 34, 72),
(255, 3, 37, 36, 10),
(256, 9, 14, 62, 69),
(257, 11, 14, 43, 58),
(258, 13, 31, 64, 40),
(259, 13, 24, 63, 19),
(260, 6, 40, 51, 39),
(261, 10, 39, 70, 14),
(262, 1, 29, 38, 10),
(263, 9, 37, 68, 100),
(264, 8, 22, 35, 21),
(265, 8, 14, 84, 45),
(266, 5, 30, 65, 53),
(267, 3, 32, 47, 82),
(268, 13, 28, 84, 89),
(269, 9, 28, 49, 36),
(270, 1, 29, 38, 1),
(271, 13, 25, 54, 0),
(272, 3, 23, 88, 24),
(273, 4, 29, 54, 22),
(274, 13, 32, 31, 11),
(275, 7, 30, 66, 42),
(276, 6, 15, 61, 47),
(277, 12, 27, 67, 35),
(278, 7, 30, 75, 61),
(279, 2, 26, 35, 61),
(280, 1, 20, 83, 7),
(281, 4, 26, 74, 62),
(282, 13, 38, 63, 88),
(283, 2, 28, 55, 71),
(284, 5, 24, 82, 81),
(287, 5, 31, 36, 92),
(288, 10, 39, 31, 60),
(289, 10, 28, 48, 4),
(290, 6, 40, 53, 80),
(291, 4, 39, 33, 61),
(292, 1, 25, 75, 51),
(293, 2, 33, 61, 82),
(294, 5, 26, 61, 54),
(295, 10, 14, 37, 81),
(296, 2, 36, 68, 12),
(297, 9, 32, 81, 31),
(298, 6, 29, 63, 89),
(299, 9, 36, 89, 70),
(300, 9, 33, 34, 5),
(301, 6, 32, 79, 0),
(302, 6, 40, 65, 94),
(303, 3, 29, 42, 85),
(304, 8, 33, 73, 54),
(305, 12, 21, 77, 12),
(306, 8, 21, 34, 34),
(308, 6, 39, 50, 51),
(310, 2, 26, 67, 76),
(311, 2, 31, 76, 84),
(312, 3, 28, 68, 72),
(313, 8, 14, 39, 27),
(314, 5, 35, 72, 30),
(315, 11, 35, 54, 64),
(316, 11, 40, 57, 10),
(317, 2, 25, 64, 46),
(318, 13, 40, 30, 10),
(319, 2, 36, 63, 59),
(320, 10, 26, 42, 76),
(321, 10, 33, 35, 64),
(322, 3, 15, 30, 63),
(323, 1, 27, 46, 81),
(324, 6, 35, 73, 1),
(325, 6, 14, 86, 88),
(326, 3, 36, 77, 28),
(327, 4, 26, 35, 70),
(328, 4, 25, 57, 8),
(329, 8, 19, 38, 79),
(330, 12, 29, 38, 15),
(331, 12, 36, 67, 76),
(333, 7, 22, 36, 86),
(334, 10, 24, 50, 3),
(335, 13, 21, 60, 84),
(336, 12, 29, 68, 50),
(337, 3, 38, 49, 20),
(339, 1, 35, 61, 99),
(340, 4, 17, 33, 95),
(341, 1, 29, 68, 93),
(342, 5, 26, 77, 94),
(343, 1, 33, 47, 35),
(344, 9, 31, 78, 82),
(345, 6, 26, 30, 40),
(346, 7, 38, 30, 84),
(347, 10, 25, 43, 66),
(348, 12, 37, 73, 61),
(349, 7, 30, 36, 22),
(350, 7, 21, 60, 65),
(351, 3, 21, 66, 21),
(352, 2, 21, 57, 72),
(353, 8, 33, 88, 87),
(354, 8, 17, 78, 4),
(357, 3, 20, 64, 34),
(358, 13, 26, 31, 74),
(359, 7, 16, 32, 84),
(360, 9, 29, 70, 73),
(361, 13, 27, 77, 16),
(362, 7, 19, 54, 20),
(363, 4, 31, 79, 5),
(365, 12, 14, 35, 0),
(366, 6, 33, 62, 52),
(367, 8, 15, 82, 74),
(368, 7, 17, 57, 9),
(370, 7, 21, 51, 89),
(371, 12, 35, 88, 55),
(372, 8, 17, 83, 47),
(373, 12, 20, 32, 3),
(374, 7, 28, 71, 0),
(375, 12, 38, 59, 39),
(376, 10, 14, 66, 59),
(377, 11, 39, 59, 47),
(378, 12, 36, 80, 67),
(379, 4, 29, 51, 22),
(380, 6, 36, 56, 42),
(381, 4, 18, 84, 42),
(383, 6, 37, 82, 57),
(384, 1, 20, 36, 48),
(385, 2, 29, 60, 90),
(386, 11, 30, 37, 96),
(387, 7, 19, 46, 99),
(388, 3, 35, 69, 48),
(389, 6, 32, 76, 68),
(390, 11, 23, 72, 17),
(391, 1, 15, 84, 55),
(392, 8, 30, 83, 25),
(393, 10, 20, 82, 84),
(394, 13, 26, 90, 78),
(395, 10, 30, 39, 84),
(396, 5, 34, 52, 14),
(397, 4, 35, 56, 74),
(398, 10, 31, 74, 88),
(399, 1, 25, 86, 68),
(400, 8, 35, 51, 97),
(401, 5, 26, 67, 82),
(402, 12, 26, 78, 58),
(403, 10, 37, 48, 84),
(404, 9, 37, 31, 52),
(405, 12, 34, 62, 32),
(406, 2, 19, 88, 62),
(407, 10, 18, 71, 12),
(408, 13, 25, 70, 22),
(409, 9, 31, 36, 58),
(410, 8, 25, 64, 2),
(411, 12, 27, 46, 67),
(412, 12, 24, 34, 42),
(413, 4, 15, 89, 54),
(414, 8, 30, 82, 3),
(416, 12, 33, 33, 7),
(417, 7, 36, 81, 9),
(418, 7, 14, 34, 38),
(419, 8, 29, 86, 80),
(420, 4, 35, 42, 40),
(421, 2, 14, 86, 34),
(422, 6, 24, 88, 7),
(423, 7, 16, 46, 31),
(424, 13, 31, 41, 22),
(425, 8, 40, 45, 35),
(426, 2, 27, 37, 84),
(427, 10, 20, 75, 55),
(428, 10, 31, 65, 24),
(429, 12, 38, 69, 68),
(430, 4, 37, 59, 97),
(431, 1, 40, 89, 54),
(432, 11, 34, 72, 49),
(433, 2, 17, 58, 25),
(435, 3, 39, 86, 23),
(437, 3, 27, 76, 41),
(438, 14, 14, 56, 72),
(439, 5, 24, 42, 38),
(440, 4, 23, 83, 49),
(441, 3, 20, 85, 9),
(442, 1, 39, 81, 91),
(443, 7, 30, 57, 0),
(444, 11, 15, 79, 61),
(445, 10, 17, 41, 91),
(446, 8, 33, 49, 15),
(447, 1, 26, 74, 60),
(448, 3, 19, 33, 95),
(449, 13, 21, 63, 45),
(451, 5, 17, 37, 83),
(452, 10, 19, 67, 15),
(453, 6, 30, 85, 48),
(454, 8, 32, 65, 20),
(455, 9, 21, 59, 34),
(456, 5, 18, 53, 61),
(457, 14, 16, 89, 56),
(458, 7, 17, 32, 72),
(459, 2, 18, 50, 62),
(460, 5, 32, 78, 6),
(461, 8, 24, 61, 54),
(462, 9, 30, 72, 68),
(463, 12, 38, 47, 67),
(464, 8, 20, 39, 9),
(465, 14, 17, 76, 22),
(466, 13, 21, 72, 94),
(467, 13, 15, 63, 87),
(468, 5, 27, 79, 80),
(469, 13, 23, 60, 10),
(470, 5, 24, 50, 73),
(471, 14, 23, 47, 55),
(472, 1, 15, 34, 70),
(473, 3, 32, 72, 91),
(474, 8, 21, 75, 31),
(475, 5, 29, 45, 23),
(476, 10, 19, 84, 19),
(477, 11, 19, 52, 88),
(478, 14, 31, 51, 53),
(479, 12, 37, 64, 4),
(480, 13, 39, 31, 67),
(481, 8, 33, 31, 42),
(482, 7, 29, 85, 82),
(483, 6, 35, 65, 57),
(484, 10, 23, 84, 82),
(485, 9, 18, 50, 17),
(486, 1, 36, 73, 54),
(487, 2, 25, 82, 50),
(488, 12, 32, 42, 61),
(489, 13, 37, 80, 2),
(491, 12, 27, 32, 69),
(492, 6, 26, 64, 54),
(493, 4, 23, 70, 22),
(494, 2, 38, 63, 56),
(495, 7, 33, 30, 92),
(497, 11, 20, 86, 82),
(498, 6, 32, 79, 38),
(499, 12, 38, 39, 75),
(500, 9, 36, 62, 81),
(501, 6, 20, 47, 17),
(502, 5, 38, 66, 13),
(503, 1, 34, 48, 25),
(505, 7, 21, 50, 81),
(506, 14, 33, 78, 28),
(507, 11, 28, 89, 21),
(508, 12, 33, 88, 36),
(509, 7, 17, 90, 55),
(510, 10, 39, 62, 84),
(511, 7, 32, 54, 68),
(512, 14, 17, 80, 96),
(513, 7, 16, 73, 27),
(514, 3, 37, 74, 25),
(515, 1, 36, 67, 74),
(516, 12, 38, 42, 0),
(517, 11, 19, 64, 2),
(518, 12, 30, 60, 14),
(519, 3, 14, 59, 70),
(521, 3, 25, 30, 54),
(522, 4, 23, 58, 13),
(523, 2, 35, 37, 4),
(524, 7, 31, 82, 68),
(525, 8, 27, 62, 8),
(526, 10, 19, 78, 99),
(527, 1, 26, 83, 86),
(528, 2, 18, 57, 91),
(529, 1, 31, 50, 39),
(530, 12, 18, 90, 9),
(531, 4, 37, 33, 99),
(532, 14, 38, 81, 2),
(533, 2, 30, 57, 79),
(534, 3, 24, 48, 56),
(535, 6, 30, 89, 46),
(536, 1, 24, 74, 2),
(537, 12, 32, 70, 38),
(538, 1, 25, 86, 97),
(540, 13, 14, 90, 87),
(541, 6, 31, 30, 14),
(542, 8, 29, 42, 31),
(543, 2, 21, 36, 97),
(544, 10, 32, 47, 60),
(545, 10, 30, 31, 34),
(546, 2, 33, 65, 54),
(547, 3, 37, 83, 81),
(548, 9, 37, 62, 79),
(549, 3, 32, 37, 51),
(550, 11, 22, 90, 87),
(551, 8, 21, 85, 87),
(552, 9, 20, 81, 2),
(553, 2, 32, 61, 80),
(554, 9, 30, 47, 60),
(555, 4, 37, 32, 16),
(557, 12, 37, 30, 17),
(558, 12, 32, 32, 9),
(560, 7, 23, 47, 92),
(561, 1, 40, 57, 22),
(562, 5, 18, 68, 30),
(563, 2, 30, 79, 0),
(564, 7, 39, 72, 87),
(565, 3, 27, 39, 5),
(566, 12, 29, 35, 77),
(567, 13, 37, 58, 21),
(568, 7, 21, 51, 4),
(569, 8, 23, 44, 12),
(570, 13, 31, 70, 1);

-- --------------------------------------------------------

--
-- Tábla szerkezet ehhez a táblához `eszkozok`
--

CREATE TABLE `eszkozok` (
  `id` int(11) NOT NULL,
  `eszkozNev` varchar(30) COLLATE utf8_hungarian_ci DEFAULT NULL
) ENGINE=InnoDB DEFAULT CHARSET=utf8 COLLATE=utf8_hungarian_ci;

--
-- A tábla adatainak kiíratása `eszkozok`
--

INSERT INTO `eszkozok` (`id`, `eszkozNev`) VALUES
(1, 'Termosztát'),
(2, 'Redőny'),
(3, 'Lámpa'),
(4, 'Függöny');

-- --------------------------------------------------------

--
-- Tábla szerkezet ehhez a táblához `futes`
--

CREATE TABLE `futes` (
  `id` int(11) NOT NULL,
  `futesTipus` varchar(20) COLLATE utf8_hungarian_ci DEFAULT NULL
) ENGINE=InnoDB DEFAULT CHARSET=utf8 COLLATE=utf8_hungarian_ci;

--
-- A tábla adatainak kiíratása `futes`
--

INSERT INTO `futes` (`id`, `futesTipus`) VALUES
(1, 'Távhő'),
(2, 'Gáz'),
(3, 'Kájha'),
(4, 'Hősugárzó');

-- --------------------------------------------------------

--
-- Tábla szerkezet ehhez a táblához `lakas`
--

CREATE TABLE `lakas` (
  `id` int(11) NOT NULL,
  `lakasnev` varchar(255) COLLATE utf8_hungarian_ci NOT NULL
) ENGINE=InnoDB DEFAULT CHARSET=utf8 COLLATE=utf8_hungarian_ci;

--
-- A tábla adatainak kiíratása `lakas`
--

INSERT INTO `lakas` (`id`, `lakasnev`) VALUES
(1, 'kora'),
(2, 'kovács'),
(3, 'dani'),
(4, 'bazsi'),
(5, 'qwe'),
(6, 'asdasd'),
(7, 'asdasd'),
(8, 'erzsike'),
(9, 'asdasd'),
(10, 'asdasd'),
(11, 'asdasd'),
(12, ''),
(13, ''),
(14, 'kora'),
(15, ''),
(16, ''),
(17, ''),
(18, 'kora');

-- --------------------------------------------------------

--
-- Tábla szerkezet ehhez a táblához `szoba`
--

CREATE TABLE `szoba` (
  `id` int(11) NOT NULL,
  `szobaNev` varchar(20) COLLATE utf8_hungarian_ci NOT NULL,
  `terulet` int(11) NOT NULL,
  `futesID` int(11) DEFAULT NULL,
  `eszkozID` int(11) DEFAULT NULL,
  `lakasID` int(11) DEFAULT NULL
) ENGINE=InnoDB DEFAULT CHARSET=utf8 COLLATE=utf8_hungarian_ci;

--
-- A tábla adatainak kiíratása `szoba`
--

INSERT INTO `szoba` (`id`, `szobaNev`, `terulet`, `futesID`, `eszkozID`, `lakasID`) VALUES
(1, 'konyha', 15, 2, 1, 1),
(2, 'fürdő', 8, 1, 2, 1),
(3, 'nappali', 12, 3, 4, 2),
(4, 'hálószoba', 20, 1, 3, 1),
(5, 'gyerekszoba', 30, 4, 4, 1),
(6, 'konyha', 17, 2, 3, 2),
(7, 'plőáléá', 10, 1, 1, 3),
(8, 'fürdő', 0, 1, 1, 2),
(9, 'asd', 10, 1, 1, 4),
(10, 'vlalami', 10, 1, 1, 3),
(11, 'asd', 10, 1, 1, 2),
(12, 'asd', 111, 1, 1, 4),
(13, 'mbn', 17, 2, 3, 1),
(14, 'plőáléá', 22, 1, 1, 1);

-- --------------------------------------------------------

--
-- Tábla szerkezet ehhez a táblához `tobbeszkoz`
--

CREATE TABLE `tobbeszkoz` (
  `eszkozID` int(11) DEFAULT NULL,
  `szobaID` int(11) DEFAULT NULL
) ENGINE=InnoDB DEFAULT CHARSET=utf8 COLLATE=utf8_hungarian_ci;

--
-- A tábla adatainak kiíratása `tobbeszkoz`
--

INSERT INTO `tobbeszkoz` (`eszkozID`, `szobaID`) VALUES
(1, 1),
(2, 1),
(1, 1),
(2, 1),
(1, 3),
(3, 6);

-- --------------------------------------------------------

--
-- Tábla szerkezet ehhez a táblához `tobbfutes`
--

CREATE TABLE `tobbfutes` (
  `futesID` int(11) DEFAULT NULL,
  `szobaID` int(11) DEFAULT NULL
) ENGINE=InnoDB DEFAULT CHARSET=utf8 COLLATE=utf8_hungarian_ci;

--
-- A tábla adatainak kiíratása `tobbfutes`
--

INSERT INTO `tobbfutes` (`futesID`, `szobaID`) VALUES
(1, 1),
(4, 1);

-- --------------------------------------------------------

--
-- Tábla szerkezet ehhez a táblához `users`
--

CREATE TABLE `users` (
  `id` int(11) NOT NULL,
  `felh` varchar(500) COLLATE utf8_hungarian_ci NOT NULL,
  `jelszo` varchar(500) COLLATE utf8_hungarian_ci NOT NULL,
  `emial` varchar(50) COLLATE utf8_hungarian_ci NOT NULL,
  `lakasId` int(11) DEFAULT NULL
) ENGINE=InnoDB DEFAULT CHARSET=utf8 COLLATE=utf8_hungarian_ci;

--
-- A tábla adatainak kiíratása `users`
--

INSERT INTO `users` (`id`, `felh`, `jelszo`, `emial`, `lakasId`) VALUES
(1, 'teszt2', '$2y$10$65xuG4G34yUjqPHujtGu5euoEg0Ov6pR7WOpmhYHtPYIY4KbwADD6', 'teszt2@gmail.com', 2),
(2, 'asd', '$2y$10$VoNczRoD5tuFIVQts7L1z.yTHxNXLfQkih//PQ79hLz/.Lwmi451O', 'asdasd@gmail.com', 1),
(8, 'qwe', '$2y$10$ufcgnkd6Y/ld/q/vIEnEkOPIZaqhjP1DlLpnpskNa22N5/Toktd96', 'qwe@asd.com', NULL),
(9, 'fghfghf', '$2y$10$WP8Uwlmxsz.cmEbyXeVGqOKKEzAU1wJXvUInZtGjGfeYYXmHD3LrC', 'qwe1dfhfgh@asd.com', NULL);

--
-- Indexek a kiírt táblákhoz
--

--
-- A tábla indexei `adatok`
--
ALTER TABLE `adatok`
  ADD PRIMARY KEY (`id`),
  ADD KEY `szobaId` (`szobaId`);

--
-- A tábla indexei `eszkozok`
--
ALTER TABLE `eszkozok`
  ADD PRIMARY KEY (`id`);

--
-- A tábla indexei `futes`
--
ALTER TABLE `futes`
  ADD PRIMARY KEY (`id`);

--
-- A tábla indexei `lakas`
--
ALTER TABLE `lakas`
  ADD PRIMARY KEY (`id`);

--
-- A tábla indexei `szoba`
--
ALTER TABLE `szoba`
  ADD PRIMARY KEY (`id`),
  ADD KEY `futesID` (`futesID`,`eszkozID`),
  ADD KEY `eszkozID` (`eszkozID`),
  ADD KEY `lakasID` (`lakasID`);

--
-- A tábla indexei `tobbeszkoz`
--
ALTER TABLE `tobbeszkoz`
  ADD KEY `eszkozID` (`eszkozID`),
  ADD KEY `szobaID` (`szobaID`);

--
-- A tábla indexei `tobbfutes`
--
ALTER TABLE `tobbfutes`
  ADD KEY `futesID` (`futesID`),
  ADD KEY `szobaID` (`szobaID`);

--
-- A tábla indexei `users`
--
ALTER TABLE `users`
  ADD PRIMARY KEY (`id`),
  ADD KEY `lakasId` (`lakasId`);

--
-- A kiírt táblák AUTO_INCREMENT értéke
--

--
-- AUTO_INCREMENT a táblához `adatok`
--
ALTER TABLE `adatok`
  MODIFY `id` int(11) NOT NULL AUTO_INCREMENT, AUTO_INCREMENT=571;

--
-- AUTO_INCREMENT a táblához `eszkozok`
--
ALTER TABLE `eszkozok`
  MODIFY `id` int(11) NOT NULL AUTO_INCREMENT, AUTO_INCREMENT=5;

--
-- AUTO_INCREMENT a táblához `futes`
--
ALTER TABLE `futes`
  MODIFY `id` int(11) NOT NULL AUTO_INCREMENT, AUTO_INCREMENT=5;

--
-- AUTO_INCREMENT a táblához `lakas`
--
ALTER TABLE `lakas`
  MODIFY `id` int(11) NOT NULL AUTO_INCREMENT, AUTO_INCREMENT=19;

--
-- AUTO_INCREMENT a táblához `szoba`
--
ALTER TABLE `szoba`
  MODIFY `id` int(11) NOT NULL AUTO_INCREMENT, AUTO_INCREMENT=15;

--
-- AUTO_INCREMENT a táblához `users`
--
ALTER TABLE `users`
  MODIFY `id` int(11) NOT NULL AUTO_INCREMENT, AUTO_INCREMENT=10;

--
-- Megkötések a kiírt táblákhoz
--

--
-- Megkötések a táblához `adatok`
--
ALTER TABLE `adatok`
  ADD CONSTRAINT `adatok_ibfk_1` FOREIGN KEY (`szobaId`) REFERENCES `szoba` (`id`);

--
-- Megkötések a táblához `szoba`
--
ALTER TABLE `szoba`
  ADD CONSTRAINT `szoba_ibfk_1` FOREIGN KEY (`lakasID`) REFERENCES `lakas` (`id`);

--
-- Megkötések a táblához `tobbeszkoz`
--
ALTER TABLE `tobbeszkoz`
  ADD CONSTRAINT `tobbeszkoz_ibfk_1` FOREIGN KEY (`eszkozID`) REFERENCES `eszkozok` (`id`),
  ADD CONSTRAINT `tobbeszkoz_ibfk_2` FOREIGN KEY (`szobaID`) REFERENCES `szoba` (`id`);

--
-- Megkötések a táblához `tobbfutes`
--
ALTER TABLE `tobbfutes`
  ADD CONSTRAINT `tobbfutes_ibfk_1` FOREIGN KEY (`futesID`) REFERENCES `futes` (`id`),
  ADD CONSTRAINT `tobbfutes_ibfk_2` FOREIGN KEY (`szobaID`) REFERENCES `szoba` (`id`);

--
-- Megkötések a táblához `users`
--
ALTER TABLE `users`
  ADD CONSTRAINT `users_ibfk_1` FOREIGN KEY (`lakasId`) REFERENCES `lakas` (`id`);
COMMIT;

/*!40101 SET CHARACTER_SET_CLIENT=@OLD_CHARACTER_SET_CLIENT */;
/*!40101 SET CHARACTER_SET_RESULTS=@OLD_CHARACTER_SET_RESULTS */;
/*!40101 SET COLLATION_CONNECTION=@OLD_COLLATION_CONNECTION */;
